cluster,Monthly_Spending_Mean,Cancellation_Frequency
0,300.0957826805843,0.26871980676328505
1,303.8121572383258,0.31723315444245676
2,584.3933657798831,1.7983651226158037
